Type,Name,Request Count,Failure Count,Median Response Time,Average Response Time,Min Response Time,Max Response Time,Average Content Size,Requests/s,Failures/s,50%,66%,75%,80%,90%,95%,98%,99%,99.9%,99.99%,100%
GET,GET / (health),45,0,270,273.2658933335592,236.8556000001263,380.52129999778117,96.0,0.7725328022681127,0.0,270,280,280,290,310,330,380,380,380,380,380
GET,GET /api/items (cached),183,1,1300,1290.7820918035363,939.3569999992906,1956.9400000000314,2018.5846994535518,3.141633395890325,0.01716739560595806,1300,1300,1300,1300,1300,1400,1700,1800,2000,2000,2000
GET,GET /api/items/:id,105,0,470,495.2157866667784,433.8729000010062,1303.2123999983014,24.0,1.8025765386255963,0.0,470,490,500,520,540,620,670,810,1300,1300,1300
POST,POST /api/items,53,0,260,291.3142377360343,238.09149999942747,829.2201000003843,32.83018867924528,0.9098719671157772,0.0,260,280,290,310,330,350,680,830,830,830,830
,Aggregated,386,1,570,818.5165808292198,236.8556000001263,1956.9400000000314,979.2253886010362,6.626614703899811,0.01716739560595806,590,1300,1300,1300,1300,1300,1500,1700,2000,2000,2000
